,Fold,Training Accuracy,Training MCC,Validation Accuracy,Validation MCC,Test Accuracy,Test MCC
0,1.0,0.9559939301972686,0.8020188978652747,0.9212121212121213,0.6368339561949231,0.9323671497584541,0.6941633537773405
1,2.0,0.9559939301972686,0.8041819670900104,0.9151515151515152,0.6352168560702308,0.9371980676328503,0.7092205134448157
2,3.0,0.960546282245827,0.8161204631447415,0.9454545454545454,0.7467777587156136,0.9371980676328503,0.7092205134448157
3,4.0,0.9650986342943855,0.8404947487003925,0.9151515151515152,0.5883995176355078,0.9710144927536232,0.8485552916276633
4,5.0,0.9727272727272728,0.8711249786134829,0.9024390243902439,0.4762257902845028,0.9565217391304348,0.7779080234523713
5,Average of PCA with 80% variance,0.9620720099324045,0.8267882110827804,0.9198817442719882,0.6166907757801556,0.9468599033816425,0.7478135391494013
