Fold,Training Accuracy,Training MCC,Validation Accuracy,Validation MCC,Test Accuracy,Test MCC
1.0,0.9908952959028832,0.9519406914921258,0.9151515151515152,0.5685767126167431,0.927536231884058,0.5941761475893155
2.0,0.9833080424886191,0.9150207061149193,0.9393939393939394,0.6556589908188962,0.9323671497584541,0.6290322580645161
3.0,0.9833080424886191,0.9095039988829253,0.9090909090909091,0.4424751244905032,0.9371980676328503,0.6483348717421065
4.0,0.9757207890743551,0.8715551469818307,0.9333333333333333,0.5960153885092898,0.9710144927536232,0.8352812822287068
5.0,0.9878787878787879,0.9357574170601409,0.9390243902439024,0.6178197077812442,0.961352657004831,0.7701264558918335
PCA with 90% variance,0.9842221915666529,0.9167555921063884,0.92719881744272,0.5761091848433353,0.9458937198067632,0.6953902031032956
