,Fold,Training Accuracy,Training MCC,Validation Accuracy,Validation MCC,Test Accuracy,Test MCC
0,1.0,0.9772382397572079,0.8896718148348697,0.9272727272727272,0.6547082369886567,0.9468599033816425,0.7417115451338537
1,2.0,0.9772382397572079,0.8911812300315112,0.9151515151515152,0.658436327774198,0.9227053140096618,0.6300254521201243
2,3.0,0.9757207890743551,0.8849639946052182,0.9333333333333333,0.7289173633856654,0.9420289855072463,0.7250456842431595
3,4.0,0.9757207890743551,0.8849639946052182,0.9454545454545454,0.6973959523623426,0.966183574879227,0.8186284354417489
4,5.0,0.9757575757575757,0.8833939774104876,0.9146341463414634,0.5152027027027027,0.9758454106280193,0.8649697683532703
5,Average of PCA with 85% variance,0.9763351266841405,0.886835002297461,0.9271692535107169,0.6509321166427131,0.9507246376811593,0.7560761770584313
