,Fold,Training Accuracy,Training MCC,Validation Accuracy,Validation MCC,Test Accuracy,Test MCC
0,1.0,0.9863429438543247,0.9317599286954862,0.9333333333333333,0.6517299216388275,0.9468599033816425,0.714795049328733
1,2.0,0.992412746585736,0.9600726761555415,0.9151515151515152,0.6352168560702308,0.9516908212560387,0.7593007980566114
2,3.0,0.9954476479514416,0.975542246488021,0.9454545454545454,0.7293095639764023,0.9565217391304348,0.7779080234523713
3,4.0,0.992412746585736,0.9600726761555415,0.9212121212121213,0.6071409568128426,0.9710144927536232,0.8485552916276633
4,5.0,0.990909090909091,0.953164096772045,0.9390243902439024,0.6349839629507451,0.9758454106280193,0.8649697683532703
5,Average of PCA with 95% variance,0.991505035177266,0.956122324853327,0.9308351810790836,0.6516762522898096,0.9603864734299516,0.7931057861637297
