Fold,Training Accuracy,Training MCC,Validation Accuracy,Validation MCC,Test Accuracy,Test MCC
1.0,0.9954476479514416,0.9748885196456373,0.9333333333333333,0.5407092844910676,0.9468599033816425,0.6698090010127112
2.0,0.9984825493171472,0.9915596254216124,0.9575757575757575,0.7495556525280763,0.9371980676328503,0.5959003232555168
3.0,0.9969650986342944,0.9830755230828111,0.9333333333333333,0.5731700117549232,0.9178743961352657,0.44665487024415323
4.0,1.0,1.0,0.9393939393939394,0.6287278107452718,0.9468599033816425,0.6698090010127112
5.0,0.996969696969697,0.9833047583717105,0.9329268292682927,0.5393333877525608,0.9420289855072463,0.634505636379538
PCA with 95% variance,0.997572998574516,0.9865656853043543,0.9393126385809312,0.60629922945438,0.9381642512077294,0.603335766380926
