,Fold,Training Accuracy,Training MCC,Validation Accuracy,Validation MCC,Test Accuracy,Test MCC
0,1.0,0.9438543247344461,0.7625691828862828,0.8787878787878788,0.5358381128862303,0.9033816425120773,0.5967252896603478
1,2.0,0.9468892261001517,0.7649458840849521,0.9030303030303031,0.6291871996328801,0.9082125603864735,0.6283857645417106
2,3.0,0.9377845220030349,0.7368633701215326,0.896969696969697,0.5647617242246533,0.8985507246376812,0.60567691938982
3,4.0,0.9590288315629742,0.8147020457362821,0.9272727272727272,0.6482183225707258,0.9565217391304348,0.789992768354831
4,5.0,0.9424242424242424,0.7629089014762087,0.8780487804878049,0.4452758605859878,0.9178743961352657,0.6715716387980631
5,Average of PCA with 75% variance,0.94599622936497,0.7683978768610518,0.8968218773096822,0.5646562439800954,0.9169082125603865,0.6584704761489546
