,Fold,Training Accuracy,Training MCC,Validation Accuracy,Validation MCC,Test Accuracy,Test MCC
0,1.0,0.9833080424886191,0.9181577679046704,0.9212121212121213,0.5875679663462221,0.9420289855072463,0.695815339134684
1,2.0,0.9848254931714719,0.9240002789435227,0.9030303030303031,0.6045464497569646,0.9323671497584541,0.6610969460118014
2,3.0,0.9893778452200304,0.9452180340190708,0.9393939393939394,0.7269998245360298,0.9516908212560387,0.7467286566323438
3,4.0,0.9863429438543247,0.930937260036781,0.9151515151515152,0.5883995176355078,0.966183574879227,0.8186284354417489
4,5.0,0.9848484848484849,0.9249089233551852,0.926829268292683,0.5844594594594594,0.9758454106280193,0.8649697683532703
5,Average of PCA with 90% variance,0.9857405619165863,0.928644452851846,0.9211234294161124,0.6183946435468368,0.9536231884057971,0.7574478291147696
