Fold,Training Accuracy,Training MCC,Validation Accuracy,Validation MCC,Test Accuracy,Test MCC
1.0,0.9893778452200304,0.9407273375969436,0.9515151515151515,0.6968961415704692,0.9516908212560387,0.7050422314336612
2.0,0.9711684370257967,0.8513544904274724,0.9515151515151515,0.7148905044005379,0.961352657004831,0.7976419741300036
3.0,0.9893778452200304,0.9401650735695798,0.9212121212121213,0.5192452564998965,0.9565217391304348,0.7415429852588841
4.0,0.9848254931714719,0.914028253673828,0.9272727272727272,0.5221379661255762,0.9420289855072463,0.6384972874876359
5.0,0.9803030303030303,0.8913355048840228,0.9207317073170732,0.4868928061818777,0.966183574879227,0.8014568798524004
PCA with 85% variance,0.9830105301880719,0.9075221320303694,0.9344493717664448,0.5880125349556715,0.9555555555555555,0.7368362716325171
