,Fold,Training Accuracy,Training MCC,Validation Accuracy,Validation MCC,Test Accuracy,Test MCC
0,1.0,0.9863429438543247,0.9317599286954862,0.9515151515151515,0.7568345539179391,0.9468599033816425,0.7417115451338537
1,2.0,0.9848254931714719,0.9240002789435227,0.9151515151515152,0.6352168560702308,0.9468599033816425,0.7417115451338537
2,3.0,0.9863429438543247,0.9291124728333595,0.9575757575757575,0.7903938675581823,0.9468599033816425,0.7417115451338537
3,4.0,0.9878603945371776,0.9380083280738215,0.9575757575757575,0.7903938675581823,0.9468599033816425,0.7279306923367161
4,5.0,0.9818181818181818,0.9115585632518834,0.926829268292683,0.6077090051105271,0.9420289855072463,0.7250456842431595
5,Average of SFS-PCA with 95% variance,0.9854379914470961,0.9268879143596147,0.941729490022173,0.7161096300430124,0.9458937198067632,0.7356222023962874
