,Fold,Training Accuracy,Training MCC,Validation Accuracy,Validation MCC,Test Accuracy,Test MCC
0,1.0,0.9696509863429439,0.8559678604546412,0.9454545454545454,0.7351959896359158,0.9371980676328503,0.6934303219128765
1,2.0,0.9726858877086495,0.8665541287046629,0.8909090909090909,0.5768078414394264,0.9565217391304348,0.7779080234523713
2,3.0,0.9681335356600911,0.8449962323442851,0.9454545454545454,0.7467777587156136,0.9420289855072463,0.7250456842431595
3,4.0,0.9681335356600911,0.8449962323442851,0.9454545454545454,0.7293095639764023,0.9565217391304348,0.7779080234523713
4,5.0,0.9636363636363636,0.8329762446019864,0.9146341463414634,0.5419673976975149,0.9371980676328503,0.6934303219128765
5,Average of SFS-PCA with 85% variance,0.9684480618016279,0.8490981396899722,0.9283813747228381,0.6660117102929746,0.9458937198067632,0.7335444749947311
