,Fold,Training Accuracy,Training MCC,Validation Accuracy,Validation MCC,Test Accuracy,Test MCC
0,1.0,0.9787556904400607,0.8960844368614278,0.9454545454545454,0.7351959896359158,0.9516908212560387,0.7467286566323438
1,2.0,0.9757207890743551,0.8792159803059497,0.896969696969697,0.5903434020099311,0.9420289855072463,0.7250456842431595
2,3.0,0.9757207890743551,0.8792159803059497,0.9454545454545454,0.7293095639764023,0.9468599033816425,0.7417115451338537
3,4.0,0.9772382397572079,0.8857221350809171,0.9454545454545454,0.7467777587156136,0.9565217391304348,0.7667117423852409
4,5.0,0.9727272727272728,0.8711249786134829,0.9207317073170732,0.5623570192375599,0.9323671497584541,0.677535568181642
5,Average of SFS-PCA with 90% variance,0.9760325562146503,0.8822727022335455,0.9308130081300812,0.6727967467150846,0.9458937198067632,0.7315466393152479
