,Fold,Training Accuracy,Training MCC,Validation Accuracy,Validation MCC,Test Accuracy,Test MCC
0,1.0,0.9757207890743551,0.8833726901772575,0.9333333333333333,0.6737434373107253,0.9516908212560387,0.7863621437881904
1,2.0,0.9802731411229135,0.90145758790397,0.9151515151515152,0.658436327774198,0.9323671497584541,0.6941633537773405
2,3.0,0.9787556904400607,0.8923501836254821,0.9333333333333333,0.6881302907536544,0.927536231884058,0.6972534403682298
3,4.0,0.9772382397572079,0.8911812300315112,0.9333333333333333,0.6487915954880369,0.966183574879227,0.8278853545680265
4,5.0,0.9787878787878788,0.8961032584057292,0.9390243902439024,0.6349839629507451,0.9565217391304348,0.7779080234523713
5,Average of PCA with 95% variance,0.978155147836483,0.89289299002879,0.9308351810790836,0.6608171228554719,0.9468599033816425,0.7567144631908318
