,Fold,Training Accuracy,Training MCC,Validation Accuracy,Validation MCC,Test Accuracy,Test MCC
0,1.0,0.9650986342943855,0.8385576781572478,0.9212121212121213,0.6368339561949231,0.9323671497584541,0.7109438085836822
1,2.0,0.9696509863429439,0.8543358095075428,0.9090909090909091,0.643454994884325,0.9323671497584541,0.6941633537773405
2,3.0,0.9726858877086495,0.8635682723276192,0.9212121212121213,0.6518385136603579,0.9323671497584541,0.7109438085836822
3,4.0,0.9681335356600911,0.848384634069528,0.9272727272727272,0.6272114264493307,0.9710144927536232,0.8485552916276633
4,5.0,0.9727272727272728,0.8681043326122573,0.9146341463414634,0.5682596349933389,0.9565217391304348,0.7779080234523713
5,Average of PCA with 90% variance,0.9696592633466686,0.854590145334839,0.9186844050258685,0.6255197052364551,0.944927536231884,0.7485028572049479
