,Fold,Training Accuracy,Training MCC,Validation Accuracy,Validation MCC,Test Accuracy,Test MCC
0,1.0,0.9575113808801214,0.8113764366040187,0.9333333333333333,0.6959659780138101,0.9371980676328503,0.7252624515869751
1,2.0,0.9620637329286799,0.8217021024613835,0.9030303030303031,0.6291871996328801,0.9178743961352657,0.6529935623687745
2,3.0,0.9620637329286799,0.8217021024613835,0.9272727272727272,0.6908193925432219,0.927536231884058,0.6972534403682298
3,4.0,0.9635811836115327,0.8311262773020581,0.9333333333333333,0.6487915954880369,0.966183574879227,0.8278853545680265
4,5.0,0.9606060606060606,0.8220227061856229,0.9085365853658537,0.5230639721563413,0.9468599033816425,0.7417115451338537
5,Average of PCA with 85% variance,0.9611652181910149,0.8215859250028934,0.9211012564671102,0.637565627566858,0.9391304347826086,0.729021270805172
