Features Selected,Training Accuracy,Training MCC,Validation Accuracy,Validation MCC
314.0,0.9660215202096841,0.837073543672523,0.9453954175905395,0.7468745317721632
