Features Selected,Training Accuracy,Training MCC,Validation Accuracy,Validation MCC
314.0,0.9915054950108061,0.9534284390464748,0.980591278640059,0.8915018571238532
