Features Selected,Training Accuracy,Training MCC,Validation Accuracy,Validation MCC
257.0,0.9544888950200028,0.7975514165437486,0.9356836659275682,0.7231919707797296
