Fold,Training Accuracy,Training MCC,Validation Accuracy,Validation MCC,Test Accuracy,Test MCC
1.0,0.9908952959028832,0.9493749700851556,0.9818181818181818,0.8924482146261897,0.9855072463768116,0.9184429296183766
2.0,0.9908952959028832,0.9486752991356767,0.9636363636363636,0.7943560850305857,0.9806763285024155,0.8902141332328525
3.0,0.9908952959028832,0.9486752991356767,0.9454545454545454,0.6727855205186831,0.9758454106280193,0.8616574796688533
4.0,0.9908952959028832,0.9486752991356767,0.9515151515151515,0.7087047646509187,0.9806763285024155,0.8902141332328525
5.0,0.9893939393939394,0.9407840490068227,0.9573170731707317,0.7402559182261839,0.9806763285024155,0.8902141332328525
PCA with 75% variance,0.9905950246010944,0.9472369832998018,0.9599482631189948,0.7617101006105121,0.9806763285024156,0.8901485617971575
